{
	"level": {
		"type": "number",
		"default": 2
	},
	"cardTitleLevel": {
		"type": "number",
		"default": 3
	},
	"cardTitleFontSize": {
		"type": "string",
		"default": "normal"
	},
	"collectionTitleLevel": {
		"type": "number",
		"default": 2
	},
	"collectionTitleFontSize": {
		"type": "string",
		"default": "normal"
	},
	"metadataPosition": {
		"type": "string",
		"default": "above-title"
	},
	"primaryMetadata": {
		"type": "string",
		"default": "category"
	},
	"secondaryMetadata": {
		"type": "string",
		"default": "date"
	},
	"buttonsStyle": {
		"type": "string",
		"default": "text"
	}
}
