{
	"sidebarWidth": {
		"type": "string",
		"default": "small"
	},
	"sidebarPosition": {
		"type": "string",
		"default": "none"
	},
	"lastItemIsSticky": {
		"type": "boolean",
		"default": false
	},
	"tagName": {
		"type": "string",
		"default": "div"
	},
	"anchor": {
		"type": "string",
		"default": ""
	},
	"templateLock": {
		"type": [ "string", "boolean" ],
		"enum": [ "all", "insert", false ]
	},
	"contentFontSize": {
		"type": "string",
		"default": "normal"
	},
	"sidebarFontSize": {
		"type": "string",
		"default": "normal"
	}
}
