{
	"align": {
		"type": "string",
		"default": "center"
	},
	"markers": {
		"type": "array",
		"default": [],
		"items": {
			"type": "object"
		}
	},
	"showMarkerLabels": {
		"type": "boolean",
		"default": false
	},
	"showControls": {
		"type": "boolean",
		"default": false
	},
	"showIcons": {
		"type": "boolean",
		"default": true
	},
	"showLabels": {
		"type": "boolean",
		"default": true
	},
	"styleData": {
		"type": "array",
		"default": [],
		"items": {
			"type": "object"
		}
	},
	"styleSlug": {
		"type": "string",
		"default": "original"
	},
	"zoom": {
		"type": "number",
		"default": 17
	}
}
